OLD_SHA	NEW_SHA
0cd7842e8eca6aba42a04dae84d731fe8623fefe	b3cbe8417c698de534f7ea12625a18cc8b74e69c
d6a43b284f9e4108012b21fcc783847635ac5993	d79bca2a84f6b2d93b93a0c8a9330ab91334d060
6f4ebbad75b37fb2fe5e7b6ad030b4b98bac4a97	4a4ff2d9af145c42ce3729b031cabbff9dffec46
8c615a6fec2e0d95f3651ddacfde083b6d28bc1c	d61bc73cdae6319ada77d8387da5290cdbad7935
92a7101c463e389e4039225bd319fe54688076df	aa45f3cf33a058eef1df25032d4b11e0be83702d
216216e4de0c01df88530b569a48c4035d6046a7	0e10681adb5408f24001b221cd7c9f3674b6d244
d4dacd0e86b7baba7ab8077eaa29ef9b65d0eaad	fcf3c11453d4b524cc08df21de785354b756a46a
674c048cdb8a164c3a031db0f8cb563bb89bb664	8d8885e6d127665dc6bc926138e5ed1a6ac3c676
9de24e4d515e65905bd0a93ee25ba04b303cf942	d1d1da173b454810007c9fcd7b5ffa905efbd964
63e831ca231d2cd8191cc67b965d3b9d42d67bcb	c46983286591b883b0da805b2b35da63dd0054d8
df49ef8ba5e803033cf61fda9d75964f111374cb	b0ee888017c52efcddd12dae491e41b9fc6381b1
8c8ad9362700b95cb012fa4ef1212a04a0ad02ba	1395db0fd5adc583a98d19e78fbfb179c324877a
79d4a061583f1fc466328310081f218e97500fc0	0f4d0e9cbb3a79daf9b417eb3aeead70f81a2a41
36a7d5ca5ef29f44cb8a298e178864f9cb0c4d1f	9cde0fc653e6ef91ed717b7b93941776d083d5d3
8a197b6ce7c94d829dbbd709c831a2283c980305	ad3033b20db4fbb6e13bd5cff14cb9c1376711b6
a1448e1c06417ea6e2f6055df74bf8de926e5cd0	d117a00925715a81cfcb4ce6873a16e4a9763eac
025c96e45d764276de51afb643cb48a8aa62bfce	ebaa6800b9049f2fb864c1aed70cfc7b89c94cbe
7c56d2b0a3b0e4835baa516df43573369147fbb9	beede19f60722053aee7cedb5d7dd1fc0d1ef533
b99cc8e83e617316ecefccb6e2751e356a1c4e71	e9fcc2e6424d5f749e3d9246627e0b87e64cdbb3
9922adec3a00a550db385234fcd3a547a84a0b7b	c0dfffb0c37c9cf9eadb8c14f03a5e6c1a781010
22b92ef0c5afcb855cabf080a6a3f81da871409e	75876386e08a2457cdadac368354df490b6ba80c
d611a25b13ed795eeaa8c1d3ac4ec4568a332b8d	6e99415e3237302e42f25feee0dfa93711f14ade
636a49a2da5d20271f542dfb8f7c523dcc4122ea	7f39ac27b506c8ffcd938d095f02a100c60021e2
cd90f0a6960272c8a5092ab807e7d9fdd7227889	d6a63af7e5f95ea0c8f7b7a9f9e14e2c82886bda
07d743916387e4c6a39a842e1f4b2421420bc884	550b85846d13823c4a057aa14e70d679c1a1e59a
c936326e921655ee0a10d393c1d8e62a2dcf3f30	9ac6fb11330e1058d108087c5024aba951538175
f4394f5315b0e55761db1e9fb3816d6e2160cf2f	6d66dbe279240eab038c39a912da668dd2bff739
b48b602811b7e12d5f67fd5b91e568cc915c56e2	d8c2e6e2ab54db6fb3b980d695917717c3f02ae0
0fe7504062dea1445508865069cf94f13890fcb7	977fefb97786511f73ffd9bd0a28400296802d09
4c3788ac7e4b3277b78cf2f964c74320af3b9fcf	ddcac94e00ad226e31e08488a5142b17a6161666
09c11b20ca7e55485297e31868b3f6e3f9889f31	9bbf99ab188362081399835bc03a4c403bd1e4f2
28a991e456f959361e7c8192d2357943365ada7d	e7d89412a1ccc0aef17c09de71e816a8f5af3515
48c265e5c79631ecec5d236b4099539f2d9a6420	c7a1eb5f4f2edfe4c7821610dc16085de5b5084b
edd2cd56b6da4ab99947fa386c5c18a7c2d7024d	dbbb51a24a562f2b86a1f8717d04dc6dfb4f30c6
6819ebe39ef9babb1717f6e9e097ee1281aa37ce	178b08ef1537a583875c226cd03e384308164935
4baf6ac885cb0462036f600865fb145e0bcc5038	b427ad31439bc45c2e097bb1dd17667ba9093f85
69bf9a0e257d5056f24616b00bb9a069f1bac493	f7d3e74c87291c33cf43df7b7121cf874ce776b9
316049659f169da9ab02ccc8a1fba0d32a77212f	93abc1fb3f339cc569550dbf0936b69c95e4311b
70e6ca8e21eb8b6080fc36215275049f18382a17	59057e82fcf04dea585c92d8db10084be51fc6fe
f614bbc5882bd69507cde173d8a63175fb2fe909	297536479c1aa8d8b05433131004ed59c95833dc
b8aed73e16d220936019850d0f9e0978f8d42630	1afddeed11a6bb1a815b04143d14265f8a519f85
40ef47ae5e50db363f936531f5d8731602a88e75	96be8372f53b7f4764248f0db2f2697a2a2084a6
1c2e756e246a33e5fade469ad3aa7459abad1c4e	670230660130093edffe816b1fc7c8db80cd2022
91076ce6610b9857424992b9e2c5c1c86cd5c309	120a2bbb7c18bc383d1480bac147c4bf7f0253c9
36f713052aec6366fcd855f72e033a9bf830719d	e8ce6c68f7cc6f189ac31d6446be442694f48ad9
3fdea7daa9711c751789f3b225d9fdd677ccbf73	28f44a271eaf28d93692bea7f8913c3ed43b3864
aa617c1e004d7538d423d6c638cd1edd1b22088a	cb27f3a7ca638b42479dae434cd9c53414e91fcc
f76108fab848061afc6f01583954715f07d40ae4	c1a2973d98546e285819567a6dc576026dd34238
ebaf342820c241ac22cff1a07a0a0cf21a568845	79095bb190f252cc033fd7201b50818d83257cb6
dc8492f50aa26fd5c1001970d172334f5c78280a	6b8cb859b0d5a1ee2ec839c8202f19bfc4d47d8c
090931e6763e574c3fde844ac54a1434ed8460e6	d8c1385fada280146879bf0524064e71ce9dd31b
a41a189cab58b6c025ae2728eebb772abddeff90	6864bc4535a6a7926e038d4a7f50e60224a2c782
7f30b2e08d1e8bcc62ff1ace4134885f33fec650	cb3d242a8181b8a8e60a62bd3e5e4cf0ee1052d1
1c5162e4a6dff9108ec2c6fe1c0ed58219df5dd4	0660f5dc514bf18a0d7102428ab8b603b7034c0e
7275e589238d2cf99488fde472cf48651bcb8d27	5adb4394f5817b8d86bee51d290b3aa255b4fedf
77d23dbd38d3843e38a9c6caeb2d302e3a3bc2c1	b1a02b0284df768962b63983287a3a4129bc2bbc
4ff8758ce963dd133d34334a806f6488ed2d8a31	3885e5b0b75534663e01e37fdd145841ca21412d
30aafc31dd7acce69e02b73494b427859d10a44b	e0d6fb2c41f591d7b8f28f4561afb32d36f70598
0a63a1f077650a4e61519699ccca23b00e954372	66a9ae7b893e875405485614bf55b5cc0a34a739
51232fe7d0dddec972e1357b57511569e543c9ac	b01cf4a0add510de6bc5a0649fc263466df77467
f2c23a0f7adf76bb0ab57084845417a1cbe3cb69	92c9a005caeb243ba5c5a3fd2acacb0e032b0d0f
9ddb7dfbd5b81f35430a459fa398ee897989ec21	36d4b8812f4297a933b844ee3eece8600bffadb8
fe691ad5c1b82805da6c7c5af39a7eb0eae40c1a	19139b44b9f110b5752e388e86533abe15a1da6b
32b5a413182b9224fffb62567990850216efd72e	31ff21c3e16ec921971f11c954cba9fde112af4a
a2a03a87aaf4d751a0c8ca6d3277499c9d7c1d79	323cda39ef42021f594ae3180339e9133076f64b
f6dee500e572df4cabb2a07825c92a00560ba141	0295686fb90f6e14cc7aad8b53b94aef4ba2fba7
9342826b28cb048b3e5953ae62e5ff3767190e85	a749b39ba242d7346bf5b28db07e8e9f4fbed0f0
85753c71df529887e4f0f44efdebae96df66df5e	42b6030e227d401e0fd5ae7312ba6245ac9d6d92
941834c2f2600310f333dd192961bbf3cf817e34	e8266861856ecf939df07d15ca09944485a53c7e
3c7be053a03af46fd5bb3930ae3b96ce1e2265a4	2ce2e2522d9683629fe9362fb63a5cb5698d9a17
2666fbd785960c320a78f20f79a757978a873696	28daa86014e6e417b2e895ce230f3390c02ecf84
3ffcfa4e16aa1d7d7ab2952f77668a38d50472d6	00e2819ff46f654bbdaa98ab54209da6b8dd1830
b95d9fae9ca4fc7bf502d9a65d5d73e891ef9661	7f2f5df41ada5f5f255d44fcc690a8142391880f
6ce98a94f750f2216921c850a49b0ce69c50c908	5c1cc8816e0c813aa3d940789909e33156852998
dd11e17e2bbac7a5b52bcf186eafba1fa5c5cfcd	4f3e7fcb59bdbad9540ea8e52978cadf2472a471
2cb6206b6af58cf8fc19d7515af0996b0b17c903	777dd523cf96447d6e60d4ea528c56bb6f159a5e
f26a6197b94760fbdbdcfd88a0d7d42b4f1968fd	25adb42915430b261b46af412406f0786e2e7327
fa9ff2c58583a1810858056c6311257fa9ad93e3	52c1b96d4d33101cb8a061209281404d30d756ef
2d925760ccecbf9f70f6250c170b629cc3eb38f8	3ca0d6d9c1bda3d2dc71ea91ec3bb876bfb153a7
6f35d8b1f64286ea3fb84d675e68c773c5153b41	67e38f7d504688f39a0a89f77cdee16770ed7f25
328627fb8388226f5c6197daf9c1aa694fe8214f	31eb634a3b1d8ddc282f4416b40d15921eeae653
fa1b02e002dad6f359194de6e8cff23739307b6d	5778f1b35dd738bc6553955ce5d17055c4e44a81
fc4c122bfa73f38f721b19f99890ec622c10ceeb	b4ea26b6399ba4b98a393256bcc236d28ff79a9a
7ff755a42bb1d01c80e79f8165dbefa813b388f3	a20756caea401c304e134d7adcb3bead191ee608
f073b7aeca2bada11f83253a69a282b25e3bb698	8a65fcec5bb79af5136641443d92d512bc540edf
2cdb5d27165af3f38c9e0debf1e756482f06e18a	a1190f06b9877d1767aa2285b3d7c1e5c145744f
8ac84ae43b9de1e88ea1e88602535d8f5f448c6d	bf06728a88fe00bff877a7c7530d14127a34d6ec
dcc6545eac1e6ad788b0eb3d345e9a117fa3d503	8d032a45cbeced75f1c473aa95fa4d72a9c1f541
16a6910224ec257b654fc67e05f244ac8cb776b1	12b2d5a20c26fe75845a594960b8d478478f1a14
517c672b9568dd7639cc43090e6f02751cd962df	b655ee65baf7dd62a2bc75c1a271bedb611fb16a
b67c8da4dba2ba50ff58cca17133a8840e3e95d1	af2729225b21a19c810e379a5ae16e6c9da4a719
db13fbf03474ec1a5ffd6f0f23156c8c81a79b5f	7e7f11b57a99e7008f8a3b6dca991e958ee2f534
9d58fe97ab76381458edb191fa588474b4dacc1e	2f7c27b7d8fa1b2ee0ca46dbadee12cc57c1fbff
c453fb33173b05123545aa70dc7f7f7508b1c8d8	42f551ecae588c4c1d4a7f16fbabf83adbaa69ab
a9d72f8577ed6d92021c4b17ac9b0eef4eba9505	dddd73eb6676135cfaa72ac8935e3e33df495cfa
ca8c439198dd2d995390590d78b26b391cfc6cd0	6efaa87a14a13024afcb67a19186770a8f953384
3df6c3e088ba72fdda97165fe2e44c680eab3c3c	231c1e58fda2c9d1dcd8b111ad06108705bf29cd
39850013a34ea59bd7f8889d2f218bedef1e9450	5f47cd471802991a1c1fb2b1d1d459aec5100f77
3f5c3f5438600ef4fe8378c4b8fff0902f6c63fd	b13533aa0dff548706e44f9fd42da1598210d88e
f25a3bc86218e77a3619b7d350a15af92273f797	dbc690e8881b5c42991c97a18371ea8b159cff35
9617d54ed43f5e646ccd868ea3f6e1069d48edc9	1ff55ad50c963900a2ef4fbf44386bfe9c904ec0
288b8afc6ca21d81d7d991fc2c4261a921ba5e24	a97c0381d02225535403f41febb6eee7baf3e1e8
616afc934b81e437ad96b5ed1938d2d5995b2967	5635353882be0c785a5d7c3baf3bb5ad1109a14e
4fb8c77ded9c2ba742fcb17104100cb419fea2e8	fcd7b2b54af601295a2fcf31283165ed605cb614
65a21e3bc4cd937940ae82bd126b90e6f8d7cc34	f3299aaa2ba74ae7b9020b71186f869a955f86a5
2db5b82978605882587a1ab3f3dcaa143049e4e1	66d30f39d13d4b653a70edf6634c572d1ee15149
5b34aec4a24278edcef491248e80c03ea5445fab	c589c948b147d72d17842ed3c46739357e1d4fd7
7ddefb3efd0339c96e5cbf01006c3c133f336df8	a7a94bb08e1966d46e1906ec758de7a30e0f9fe4
4a7c263ba6652b82ea488dee91fe90fb0c8d1d62	2a7365df8e3b292b97e0e4eb2665f670c51b7657
e3e81ac0f573af92d052b1cca3625988fbe11a1b	ffd7e62b3c841faa4e6f4a7c47a90804c55a1c00
5d372d41c0e070ae157cadb74325e5ce2cb6f0f5	f74f837a0e9e4cea0b8dfddd671eed5e1c86f622
c7d8d5f898064b91956da8609c169a7bd2fbf9fb	8f7549747885f2d1fed683d9584333f3bc668ba5
a81a974a6338635d8c34754dc0951da1d54dcdc4	754598637f404f3ea6cf5f6394d11234c37d8441
cedb3740d32b7e70c623e6ac416a73dbeae4c3e7	6a98d6229843ed6147bac1b2127591aeb5465dcf
bf9a8dabc961d8e60f62cf47a6f2f891fac89923	38773802b4af63aca66fd84d318ed3b84fb1b3ba
6f6f7d43bc787314d90597d107fda12f5904b9ed	9eafe4d543aeab4ea8dedceb46351bef2f3f12e8
90068d321bda9c3869b410d5843c9becec6a09b8	db2ab6f6e0169957ae30d365bd7f95fe317e02ff
7cd7e69f95af2a9449018d57c726dc06abae1acb	9898a5005c5417e88db9aca9080e4799cf066f1d
796335b42dbcc42c8b74cea5eb1c153dc0248241	bb5c9ff9bb6e272b1f4602c7082f5747675a7fdc
7f323ef1be448b6403f62d0bf4d75cb7f8f1976d	03ba5be6e5147c8b21d8596fac145faa3275c742
